5artists_Angular,https://github.com/aa-ag/5artists_Angular
About_Time,https://github.com/aa-ag/About_Time
astp,https://github.com/aa-ag/astp
audiobooks,https://github.com/aa-ag/audiobooks
Avengers_Phonebook,https://github.com/aa-ag/Avengers_Phonebook
bicycles_rental,https://github.com/aa-ag/bicycles_rental
blog,https://github.com/aa-ag/blog
bootstrap,https://github.com/aa-ag/bootstrap
calculator,https://github.com/aa-ag/calculator
camelstuff,https://github.com/aa-ag/camelstuff
chipy.org,https://github.com/aa-ag/chipy.org
clock.js,https://github.com/aa-ag/clock.js
computer-science,https://github.com/aa-ag/computer-science
cpython,https://github.com/aa-ag/cpython
css-animations,https://github.com/aa-ag/css-animations
CSVstuff,https://github.com/aa-ag/CSVstuff
curriculum,https://github.com/aa-ag/curriculum
deleteemails,https://github.com/aa-ag/deleteemails
delhistory,https://github.com/aa-ag/delhistory
developer-roadmap,https://github.com/aa-ag/developer-roadmap
domain_data,https://github.com/aa-ag/domain_data
download,https://github.com/aa-ag/download
emc2,https://github.com/aa-ag/emc2
emptytrash,https://github.com/aa-ag/emptytrash
endecrypter,https://github.com/aa-ag/endecrypter
f1_stangins,https://github.com/aa-ag/f1_stangins
fileuploader,https://github.com/aa-ag/fileuploader
first-contributions,https://github.com/aa-ag/first-contributions
flaskapi,https://github.com/aa-ag/flaskapi
freecodecamp1outof5,https://github.com/aa-ag/freecodecamp1outof5
